"timestamp","comments"
2025-05-06 09:14:51,3
2025-05-06 09:14:08,43
2025-05-06 09:13:47,11
2025-05-06 09:13:21,5
2025-05-06 09:13:05,0
2025-05-06 09:12:20,0
2025-05-06 09:10:59,3
2025-05-06 09:07:43,6
2025-05-06 09:06:55,4
2025-05-06 09:06:40,9
2025-05-06 09:06:37,1
2025-05-06 09:05:51,6
2025-05-06 09:05:42,1
2025-05-06 09:05:02,1
2025-05-06 09:03:08,6
2025-05-06 09:01:54,20
2025-05-06 09:01:15,0
2025-05-06 09:00:50,6
2025-05-06 09:00:46,6
2025-05-06 08:58:51,4
2025-05-06 08:56:37,14
2025-05-06 08:55:08,463
2025-05-06 08:53:56,25
2025-05-06 08:53:46,107
2025-05-06 08:52:56,4
2025-05-06 08:52:27,2
2025-05-06 10:30:44,7
2025-05-06 10:30:31,8
2025-05-06 10:30:19,7
2025-05-06 10:30:05,4
2025-05-06 10:29:35,10
2025-05-06 10:28:41,3
2025-05-06 10:28:38,8
2025-05-06 10:27:12,8
2025-05-06 10:27:08,2
2025-05-06 10:26:49,37
2025-05-06 10:25:03,6
2025-05-06 10:24:37,17
2025-05-06 10:22:40,4
2025-05-06 10:22:20,11
2025-05-06 10:21:50,16
2025-05-06 10:21:17,8
2025-05-06 10:19:14,10
2025-05-06 10:18:05,18
2025-05-06 10:18:01,5
2025-05-06 10:16:57,1
2025-05-06 10:16:15,11
2025-05-06 10:15:34,7
2025-05-06 10:14:57,12
2025-05-06 10:14:36,4
2025-05-06 10:14:10,7
2025-05-06 10:13:34,1
2025-05-06 10:13:31,0
2025-05-06 10:08:57,17
2025-05-06 10:08:46,3
2025-05-06 10:08:24,3
2025-05-06 10:08:22,8
2025-05-06 10:07:52,2
2025-05-06 10:07:32,6
2025-05-06 10:05:54,20
2025-05-06 10:05:48,8
2025-05-06 10:05:36,1
2025-05-06 10:04:34,8
2025-05-06 10:03:44,21
2025-05-06 10:02:47,7
2025-05-06 10:02:24,9
2025-05-06 10:02:02,12
2025-05-06 10:01:26,10
2025-05-06 10:00:31,1
2025-05-06 10:00:05,240
2025-05-06 09:58:40,11
2025-05-06 09:58:31,14
2025-05-06 09:56:43,6
2025-05-06 09:56:14,0
2025-05-06 09:56:01,3
2025-05-06 09:55:44,8
2025-05-06 09:55:38,8
2025-05-06 09:52:35,10
2025-05-06 09:50:22,2
2025-05-06 09:49:59,2
2025-05-06 09:49:55,2
2025-05-06 09:49:22,5
2025-05-06 09:49:02,41
2025-05-06 09:48:31,6
2025-05-06 09:47:32,6
2025-05-06 09:45:07,9
2025-05-06 09:44:59,22
2025-05-06 09:44:59,5
2025-05-06 09:42:42,7
2025-05-06 09:40:02,6
2025-05-06 09:39:39,10
2025-05-06 09:39:10,3
2025-05-06 09:38:59,13
2025-05-06 09:38:26,13
2025-05-06 09:38:05,2
2025-05-06 09:37:53,6
2025-05-06 09:36:47,0
2025-05-06 09:36:42,3
2025-05-06 09:36:22,8
2025-05-06 09:34:07,3
2025-05-06 09:33:44,4
2025-05-06 09:32:00,12
2025-05-06 09:31:58,6
2025-05-06 09:30:50,25
2025-05-06 09:28:50,53
2025-05-06 09:26:50,25
2025-05-06 09:26:49,20
2025-05-06 09:26:26,3
2025-05-06 09:26:03,18
2025-05-06 09:25:09,7
2025-05-06 09:23:50,4
2025-05-06 09:23:30,18
2025-05-06 09:23:10,1
2025-05-06 09:22:45,9
2025-05-06 09:22:37,11
2025-05-06 09:22:07,97
2025-05-06 09:21:55,0
2025-05-06 09:18:45,3
2025-05-06 09:17:23,9
2025-05-06 09:17:19,3
2025-05-06 09:17:14,11
2025-05-06 09:15:21,199
2025-05-06 09:15:21,6
2025-05-06 09:15:15,6
2025-05-06 09:15:14,9
2025-05-06 09:15:14,2
2025-05-06 11:48:42,12
2025-05-06 11:47:04,1
2025-05-06 11:47:01,19
2025-05-06 11:44:12,4
2025-05-06 11:44:00,3
2025-05-06 11:43:27,22
2025-05-06 11:41:33,9
2025-05-06 11:41:09,236
2025-05-06 11:40:37,21
2025-05-06 11:39:32,3
2025-05-06 11:38:21,889
2025-05-06 11:37:34,8
2025-05-06 11:34:42,7
2025-05-06 11:33:26,6
2025-05-06 11:32:57,25
2025-05-06 11:32:52,3
2025-05-06 11:31:45,363
2025-05-06 11:31:38,4
2025-05-06 11:30:50,3
2025-05-06 11:30:36,5
2025-05-06 11:30:11,14
2025-05-06 11:27:52,11
2025-05-06 11:27:41,5
2025-05-06 11:26:26,12
2025-05-06 11:26:20,15
2025-05-06 11:25:49,5
2025-05-06 11:24:57,12
2025-05-06 11:24:46,216
2025-05-06 11:24:32,6
2025-05-06 11:24:21,43
2025-05-06 11:23:43,8
2025-05-06 11:23:11,12
2025-05-06 11:22:56,1
2025-05-06 11:22:19,4
2025-05-06 11:21:56,19
2025-05-06 11:21:44,8
2025-05-06 11:21:19,4
2025-05-06 11:21:13,7
2025-05-06 11:20:50,3
2025-05-06 11:20:45,2
2025-05-06 11:20:07,4
2025-05-06 11:20:05,0
2025-05-06 11:19:41,0
2025-05-06 11:18:31,3
2025-05-06 11:17:27,5
2025-05-06 11:17:17,6
2025-05-06 11:16:45,3
2025-05-06 11:16:30,12
2025-05-06 11:16:21,8
2025-05-06 11:16:13,2
2025-05-06 11:15:52,2
2025-05-06 11:15:25,0
2025-05-06 11:14:25,4
2025-05-06 11:13:14,13
2025-05-06 11:12:21,0
2025-05-06 11:11:21,15
2025-05-06 11:09:15,27
2025-05-06 11:08:26,1
2025-05-06 11:08:24,70
2025-05-06 11:06:42,8
2025-05-06 11:06:31,9
2025-05-06 11:06:05,2
2025-05-06 11:04:44,6
2025-05-06 11:02:52,4
2025-05-06 11:01:20,13
2025-05-06 11:00:52,9
2025-05-06 11:00:00,0
2025-05-06 10:59:52,6
2025-05-06 10:59:31,3
2025-05-06 10:58:17,30
2025-05-06 10:57:41,1
2025-05-06 10:56:14,18
2025-05-06 10:55:27,10
2025-05-06 10:54:42,20
2025-05-06 10:54:27,5
2025-05-06 10:53:09,3
2025-05-06 10:52:52,18
2025-05-06 10:52:48,11
2025-05-06 10:52:41,0
2025-05-06 10:49:58,36
2025-05-06 10:49:52,28
2025-05-06 10:47:58,93
2025-05-06 10:46:57,8
2025-05-06 10:46:14,37
2025-05-06 10:45:43,4
2025-05-06 10:45:36,142
2025-05-06 10:45:08,15
2025-05-06 10:43:31,16
2025-05-06 10:42:34,23
2025-05-06 10:40:55,1
2025-05-06 10:40:36,11
2025-05-06 10:40:06,5
2025-05-06 10:38:58,39
2025-05-06 10:38:50,6
2025-05-06 10:36:54,15
2025-05-06 10:33:43,54
2025-05-06 10:32:37,5
2025-05-06 10:32:37,24
2025-05-06 10:32:27,2
2025-05-06 10:31:28,0
2025-05-06 12:42:45,19
2025-05-06 12:41:54,100
2025-05-06 12:41:52,2
2025-05-06 12:41:08,4
2025-05-06 12:39:44,168
2025-05-06 12:39:38,1
2025-05-06 12:39:30,6
2025-05-06 12:39:26,13
2025-05-06 12:39:15,8
2025-05-06 12:38:46,2
2025-05-06 12:38:32,197
2025-05-06 12:38:27,1
2025-05-06 12:36:55,4
2025-05-06 12:36:37,5
2025-05-06 12:36:36,7
2025-05-06 09:14:55,0
2025-05-06 09:17:42,1
2025-05-06 09:26:45,0
2025-05-06 10:25:21,0
2025-05-06 12:33:31,3
2025-05-06 12:32:46,0
2025-05-06 12:32:45,11
2025-05-06 12:32:40,59
2025-05-06 12:32:13,3
2025-05-06 12:31:20,4
2025-05-06 12:31:10,1
2025-05-06 12:30:55,2
2025-05-06 12:30:52,4
2025-05-06 12:30:12,12
2025-05-06 12:29:50,1
2025-05-06 12:29:31,7
2025-05-06 12:29:17,7
2025-05-06 12:29:00,5
2025-05-06 12:28:38,4
2025-05-06 12:28:28,7
2025-05-06 12:28:10,2
2025-05-06 12:26:54,3
2025-05-06 12:26:50,6
2025-05-06 12:25:24,10
2025-05-06 12:23:33,28
2025-05-06 12:23:07,7
2025-05-06 12:22:53,22
2025-05-06 12:22:25,1
2025-05-06 12:22:14,11
2025-05-06 12:22:04,3
2025-05-06 12:21:57,3
2025-05-06 12:21:48,1199
2025-05-06 12:20:48,8
2025-05-06 12:19:53,26
2025-05-06 12:19:53,20
2025-05-06 12:19:24,0
2025-05-06 12:19:12,6
2025-05-06 12:18:21,10
2025-05-06 12:17:39,3
2025-05-06 12:16:09,7
2025-05-06 12:14:16,25
2025-05-06 12:14:12,1
2025-05-06 12:13:18,19
2025-05-06 12:13:12,0
2025-05-06 12:12:41,1
2025-05-06 12:12:20,9
2025-05-06 12:12:07,6
2025-05-06 12:11:43,8
2025-05-06 12:11:35,3
2025-05-06 12:10:53,1
2025-05-06 12:10:13,10
2025-05-06 12:10:03,2
2025-05-06 12:08:42,3
2025-05-06 12:07:43,2
2025-05-06 12:07:34,20
2025-05-06 12:07:34,4
2025-05-06 12:07:24,17
2025-05-06 12:07:22,2
2025-05-06 12:07:00,5
2025-05-06 12:06:27,4
2025-05-06 12:05:32,1
2025-05-06 12:05:07,3
2025-05-06 12:04:44,0
2025-05-06 12:04:25,32
2025-05-06 12:04:13,9
2025-05-06 12:03:56,7
2025-05-06 12:03:37,8
2025-05-06 12:03:30,35
2025-05-06 12:02:21,17
2025-05-06 12:02:07,7
2025-05-06 12:01:04,10
2025-05-06 12:00:39,8
2025-05-06 12:00:37,12
2025-05-06 11:59:32,3
2025-05-06 11:58:16,7
2025-05-06 11:57:10,7
2025-05-06 11:56:59,0
2025-05-06 11:56:23,3
2025-05-06 11:54:33,7
2025-05-06 11:54:31,3
2025-05-06 11:54:02,0
2025-05-06 11:53:34,48
2025-05-06 11:51:31,7
2025-05-06 11:50:21,1
2025-05-06 11:49:20,17
2025-05-06 13:44:05,3
2025-05-06 13:44:05,0
2025-05-06 13:43:54,3
2025-05-06 13:43:14,2
2025-05-06 13:42:48,3
2025-05-06 13:42:45,7
2025-05-06 13:41:49,1
2025-05-06 13:41:44,6
2025-05-06 13:41:21,2
2025-05-06 13:40:26,8
2025-05-06 13:39:34,65
2025-05-06 13:39:29,4
2025-05-06 13:39:00,0
2025-05-06 13:37:06,7
2025-05-06 13:35:10,15
2025-05-06 13:35:05,9
2025-05-06 13:34:54,45
2025-05-06 13:34:17,36
2025-05-06 13:34:14,4
2025-05-06 13:33:54,4
2025-05-06 13:32:25,5
2025-05-06 13:32:21,18
2025-05-06 13:31:36,4
2025-05-06 13:31:29,16
2025-05-06 13:29:52,12
2025-05-06 13:29:39,4
2025-05-06 13:28:59,21
2025-05-06 13:27:36,15
2025-05-06 13:26:23,7
2025-05-06 13:25:37,5
2025-05-06 13:25:20,4
2025-05-06 13:24:25,3
2025-05-06 13:23:53,4
2025-05-06 13:20:01,14
2025-05-06 13:19:52,2
2025-05-06 13:19:41,65
2025-05-06 13:18:44,25
2025-05-06 13:18:00,847
2025-05-06 13:17:36,7
2025-05-06 13:17:36,3
2025-05-06 13:14:45,8
2025-05-06 13:14:45,13
2025-05-06 13:14:43,0
2025-05-06 13:14:40,4
2025-05-06 13:14:35,112
2025-05-06 05:30:23,0
2025-05-06 13:13:37,4
2025-05-06 13:13:36,3
2025-05-06 13:12:36,3
2025-05-06 13:12:33,4
2025-05-06 13:11:26,4
2025-05-06 13:11:13,5
2025-05-06 13:10:33,6
2025-05-06 13:10:16,8
2025-05-06 13:09:25,7
2025-05-06 13:09:13,14
2025-05-06 13:09:06,25
2025-05-06 13:08:19,13
2025-05-06 13:08:16,48
2025-05-06 13:07:39,4
2025-05-06 13:06:15,22
2025-05-06 13:06:02,6
2025-05-06 13:05:28,2
2025-05-06 13:05:04,4
2025-05-06 13:04:46,15
2025-05-06 13:04:34,0
2025-05-06 13:04:04,2
2025-05-06 13:03:42,5
2025-05-06 13:03:37,0
2025-05-06 13:03:34,2
2025-05-06 13:03:22,12
2025-05-06 13:02:50,3
2025-05-06 13:02:01,7
2025-05-06 13:01:31,2
2025-05-06 13:01:09,4
2025-05-06 13:00:39,74
2025-05-06 12:59:57,17
2025-05-06 12:59:52,1
2025-05-06 12:59:14,3
2025-05-06 12:58:15,0
2025-05-06 12:56:52,0
2025-05-06 12:55:40,52
2025-05-06 12:53:54,18
2025-05-06 12:53:41,1
2025-05-06 12:53:35,48
2025-05-06 12:53:02,13
2025-05-06 12:52:53,4
2025-05-06 12:52:03,3
2025-05-06 12:51:37,6
2025-05-06 12:51:28,13
2025-05-06 12:50:35,11
2025-05-06 12:50:22,7
2025-05-06 12:50:21,4
2025-05-06 12:49:21,25
2025-05-06 12:46:53,13
2025-05-06 12:46:52,37
2025-05-06 12:46:50,4
2025-05-06 12:45:33,5
2025-05-06 12:44:26,1
2025-05-06 12:43:52,3
2025-05-06 14:23:26,8
2025-05-06 14:23:13,3
2025-05-06 14:22:17,177
2025-05-06 14:21:33,15
2025-05-06 14:21:09,4
2025-05-06 14:20:41,1
2025-05-06 14:20:41,2
2025-05-06 14:20:02,3
2025-05-06 14:19:57,5
2025-05-06 14:19:37,8
2025-05-06 14:19:33,2
2025-05-06 14:19:24,4
2025-05-06 14:19:16,7
2025-05-06 14:19:01,9
2025-05-06 14:18:55,6
2025-05-06 14:18:45,48
2025-05-06 14:17:57,4
2025-05-06 14:17:35,52
2025-05-06 14:17:25,3
2025-05-06 14:16:47,4
2025-05-06 14:16:43,1
2025-05-06 14:16:26,6
2025-05-06 14:16:09,2
2025-05-06 14:15:32,3
2025-05-06 14:15:17,4
2025-05-06 14:14:59,2
2025-05-06 14:14:19,62
2025-05-06 14:14:14,8
2025-05-06 14:14:14,2
2025-05-06 14:13:53,7
2025-05-06 14:12:14,37
2025-05-06 14:11:58,3
2025-05-06 14:10:58,15
2025-05-06 14:10:52,3
2025-05-06 14:10:37,7
2025-05-06 14:10:31,17
2025-05-06 14:10:02,9
2025-05-06 14:09:48,10
2025-05-06 14:09:36,90
2025-05-06 14:09:21,7
2025-05-06 14:08:24,4
2025-05-06 14:07:17,16
2025-05-06 14:07:15,6
2025-05-06 14:06:59,0
2025-05-06 14:06:39,0
2025-05-06 14:06:34,19
2025-05-06 14:05:45,6
2025-05-06 14:05:22,3
2025-05-06 14:05:22,4
2025-05-06 14:04:58,4
2025-05-06 14:04:57,3
2025-05-06 14:04:30,4
2025-05-06 14:04:19,0
2025-05-06 14:04:13,22
2025-05-06 14:03:33,7
2025-05-06 14:03:13,4
2025-05-06 14:03:12,1
2025-05-06 14:03:00,4
2025-05-06 14:02:49,4
2025-05-06 14:02:37,525
2025-05-06 14:01:42,6
2025-05-06 14:01:36,2
2025-05-06 14:01:35,13
2025-05-06 14:01:34,11
2025-05-06 14:01:13,2
2025-05-06 14:01:07,6
2025-05-06 14:00:45,45
2025-05-06 13:59:49,7
2025-05-06 13:59:14,9
2025-05-06 13:59:06,1
2025-05-06 13:58:05,3
2025-05-06 13:57:34,4
2025-05-06 13:57:29,2
2025-05-06 13:56:28,6
2025-05-06 13:55:41,8
2025-05-06 13:54:09,6
2025-05-06 13:53:18,404
2025-05-06 13:53:05,17
2025-05-06 13:52:56,8
2025-05-06 13:52:40,3
2025-05-06 13:52:17,4
2025-05-06 13:51:49,1
2025-05-06 13:51:42,37
2025-05-06 13:50:54,0
2025-05-06 13:50:20,6
2025-05-06 13:50:19,5
2025-05-06 13:49:36,3
2025-05-06 13:49:22,37
2025-05-06 13:48:20,4
2025-05-06 13:48:20,11
2025-05-06 13:48:03,7
2025-05-06 13:47:36,5
2025-05-06 13:47:04,10
2025-05-06 13:45:45,8
2025-05-06 13:45:43,20
2025-05-06 13:45:28,1
2025-05-06 13:45:23,5
2025-05-06 13:45:15,6
2025-05-06 13:44:25,1
2025-05-06 13:44:07,1
2025-05-06 15:07:52,744
2025-05-06 15:07:35,9
2025-05-06 15:07:34,16
2025-05-06 15:06:30,18
2025-05-06 15:06:29,3
2025-05-06 15:06:27,2
2025-05-06 15:06:12,9
2025-05-06 15:06:11,2
2025-05-06 15:05:20,12
2025-05-06 15:04:59,78
2025-05-06 15:04:24,7
2025-05-06 15:04:04,1
2025-05-06 15:03:54,1
2025-05-06 15:03:48,2
2025-05-06 15:03:30,4
2025-05-06 15:02:59,1
2025-05-06 15:02:42,5
2025-05-06 15:02:39,4
2025-05-06 15:02:17,43
2025-05-06 15:02:10,21
2025-05-06 15:01:50,11
2025-05-06 15:00:27,4
2025-05-06 14:59:53,6
2025-05-06 14:59:22,6
2025-05-06 14:58:25,0
2025-05-06 14:58:19,4
2025-05-06 14:58:05,5
2025-05-06 14:57:53,1
2025-05-06 14:57:43,7
2025-05-06 14:57:32,0
2025-05-06 14:39:00,0
2025-05-06 14:36:03,1
2025-05-06 14:55:57,14
2025-05-06 14:55:23,3
2025-05-06 14:54:28,10
2025-05-06 14:53:52,5
2025-05-06 14:53:33,4
2025-05-06 14:53:31,5
2025-05-06 14:53:03,25
2025-05-06 14:52:34,7
2025-05-06 14:51:39,13
2025-05-06 14:51:35,9
2025-05-06 14:51:24,4
2025-05-06 14:49:58,16
2025-05-06 14:49:38,2
2025-05-06 14:49:12,7
2025-05-06 14:49:03,2
2025-05-06 14:48:38,5
2025-05-06 14:48:33,1
2025-05-06 14:46:58,22
2025-05-06 14:46:52,5
2025-05-06 14:46:15,2
2025-05-06 14:45:55,10
2025-05-06 14:45:33,11
2025-05-06 14:45:19,8
2025-05-06 14:44:59,3
2025-05-06 14:43:57,13
2025-05-06 14:43:41,10
2025-05-06 14:42:24,10
2025-05-06 14:42:08,13
2025-05-06 14:41:34,3
2025-05-06 14:41:14,4
2025-05-06 14:40:35,30
2025-05-06 14:39:46,2
2025-05-06 14:39:33,13
2025-05-06 14:39:03,22
2025-05-06 14:38:08,7
2025-05-06 14:37:39,7
2025-05-06 14:37:19,4
2025-05-06 14:36:18,2
2025-05-06 14:35:23,69
2025-05-06 14:34:34,8
2025-05-06 14:34:16,2
2025-05-06 14:33:11,7
2025-05-06 14:32:45,3
2025-05-06 14:32:07,4
2025-05-06 14:32:02,45
2025-05-06 14:31:41,1
2025-05-06 14:31:30,5
2025-05-06 14:31:15,0
2025-05-06 14:30:42,20
2025-05-06 14:30:38,1
2025-05-06 14:30:36,4
2025-05-06 14:29:32,29
2025-05-06 14:29:17,2
2025-05-06 14:28:46,15
2025-05-06 14:28:39,11
2025-05-06 14:28:22,3
2025-05-06 14:28:14,3
2025-05-06 14:28:11,2
2025-05-06 14:28:11,1
2025-05-06 14:27:55,3
2025-05-06 14:27:11,13
2025-05-06 14:26:15,1
2025-05-06 14:25:41,10
2025-05-06 14:25:38,5
2025-05-06 14:25:24,18
2025-05-06 14:25:18,13
2025-05-06 14:24:43,8
2025-05-06 14:23:37,3
2025-05-06 15:58:03,0
2025-05-06 15:57:39,2
2025-05-06 15:57:28,16
2025-05-06 15:57:23,21
2025-05-06 15:56:29,5
2025-05-06 15:56:15,19
2025-05-06 15:56:10,5
2025-05-06 15:56:03,1
2025-05-06 15:55:50,5
2025-05-06 15:55:42,3
2025-05-06 15:55:28,3
2025-05-06 15:55:03,1
2025-05-06 15:55:00,1
2025-05-06 15:54:54,7
2025-05-06 15:54:27,5
2025-05-06 15:51:49,3
2025-05-06 15:51:34,10
2025-05-06 15:50:54,1
2025-05-06 15:50:27,17
2025-05-06 15:49:54,4
2025-05-06 15:49:53,11
2025-05-06 15:48:39,15
2025-05-06 15:48:03,1
2025-05-06 15:47:42,4
2025-05-06 15:47:26,1
2025-05-06 15:47:19,22
2025-05-06 15:45:49,3
2025-05-06 15:45:43,2
2025-05-06 15:45:39,6
2025-05-06 15:45:15,10
2025-05-06 15:45:01,26
2025-05-06 15:44:44,6
2025-05-06 15:44:05,17
2025-05-06 15:43:47,6
2025-05-06 15:43:07,4
2025-05-06 15:42:26,2
2025-05-06 15:41:36,1
2025-05-06 15:41:28,0
2025-05-06 15:41:17,2
2025-05-06 15:40:48,7
2025-05-06 15:39:25,9
2025-05-06 15:38:40,5
2025-05-06 15:37:54,20
2025-05-06 15:37:21,2
2025-05-06 15:37:15,0
2025-05-06 15:36:28,5
2025-05-06 15:35:29,0
2025-05-06 15:35:24,1
2025-05-06 15:34:58,3
2025-05-06 15:34:56,2
2025-05-06 15:34:47,10
2025-05-06 15:34:27,5
2025-05-06 15:33:30,20
2025-05-06 15:33:15,1
2025-05-06 15:32:32,6
2025-05-06 15:32:21,17
2025-05-06 15:32:18,53
2025-05-06 15:31:50,2
2025-05-06 15:31:38,10
2025-05-06 15:30:41,2
2025-05-06 15:30:09,11
2025-05-06 15:29:22,5
2025-05-06 15:29:16,2
2025-05-06 15:28:58,11
2025-05-06 15:28:23,3
2025-05-06 15:28:13,8
2025-05-06 15:27:45,1
2025-05-06 15:27:26,3
2025-05-06 15:27:11,9
2025-05-06 15:25:54,43
2025-05-06 15:25:42,6
2025-05-06 15:24:10,35
2025-05-06 15:24:02,8
2025-05-06 15:22:41,15
2025-05-06 15:22:25,18
2025-05-06 15:21:52,7
2025-05-06 15:21:51,3
2025-05-06 15:21:44,3
2025-05-06 15:21:03,9
2025-05-06 15:19:36,9
2025-05-06 15:19:35,3
2025-05-06 15:19:30,1
2025-05-06 15:19:06,19
2025-05-06 15:18:27,3
2025-05-06 15:18:04,4
2025-05-06 15:17:21,10
2025-05-06 15:14:59,2
2025-05-06 15:14:48,2
2025-05-06 15:14:39,13
2025-05-06 15:14:02,4
2025-05-06 15:13:31,7
2025-05-06 15:13:00,5
2025-05-06 15:12:51,1
2025-05-06 15:12:16,6
2025-05-06 15:12:14,82
2025-05-06 15:12:04,0
2025-05-06 15:11:51,7
2025-05-06 15:11:28,5
2025-05-06 15:11:23,0
2025-05-06 15:08:54,0
2025-05-06 16:46:48,2
2025-05-06 16:46:34,13
2025-05-06 16:45:42,8
2025-05-06 16:45:27,6
2025-05-06 16:44:57,0
2025-05-06 16:44:43,7
2025-05-06 16:44:36,12
2025-05-06 16:42:40,0
2025-05-06 16:42:24,15
2025-05-06 16:42:06,2
2025-05-06 16:42:04,2
2025-05-06 16:41:01,6
2025-05-06 16:40:52,5
2025-05-06 16:39:50,3
2025-05-06 16:39:42,5
2025-05-06 16:39:34,4
2025-05-06 16:39:31,1
2025-05-06 16:38:25,7
2025-05-06 16:38:22,14
2025-05-06 16:37:48,3
2025-05-06 16:36:56,1
2025-05-06 16:36:17,10
2025-05-06 16:34:14,10
2025-05-06 16:34:13,6
2025-05-06 16:33:12,4
2025-05-06 16:32:27,3
2025-05-06 16:32:00,6
2025-05-06 16:31:27,12
2025-05-06 16:31:07,28
2025-05-06 16:30:23,17
2025-05-06 16:30:21,13
2025-05-06 16:29:06,2
2025-05-06 16:27:45,7
2025-05-06 16:27:22,36
2025-05-06 16:27:21,4
2025-05-06 16:27:02,5
2025-05-06 16:26:45,2
2025-05-06 16:26:41,8
2025-05-06 16:26:34,2
2025-05-06 16:26:27,3
2025-05-06 16:26:20,4
2025-05-06 16:25:58,11
2025-05-06 16:25:41,3
2025-05-06 16:24:10,4
2025-05-06 16:22:55,2
2025-05-06 16:22:37,2
2025-05-06 16:21:45,8
2025-05-06 16:18:59,8
2025-05-06 16:18:22,8
2025-05-06 16:18:21,4
2025-05-06 16:18:21,5
2025-05-06 16:17:39,4
2025-05-06 16:17:22,7
2025-05-06 16:17:12,2
2025-05-06 16:16:51,4
2025-05-06 16:16:44,1
2025-05-06 16:16:25,7
2025-05-06 16:15:20,1
2025-05-06 16:14:56,2
2025-05-06 16:14:49,4
2025-05-06 16:14:25,0
2025-05-06 16:14:24,9
2025-05-06 16:14:23,142
2025-05-06 16:14:19,9
2025-05-06 16:13:21,0
2025-05-06 16:12:37,1
2025-05-06 16:12:29,9
2025-05-06 16:11:54,8
2025-05-06 16:11:36,0
2025-05-06 16:11:25,6
2025-05-06 16:11:14,3
2025-05-06 16:10:29,10
2025-05-06 16:09:47,7
2025-05-06 16:09:25,13
2025-05-06 16:09:10,3
2025-05-06 16:09:08,2
2025-05-06 16:08:14,6
2025-05-06 16:07:40,0
2025-05-06 16:07:21,4
2025-05-06 16:06:53,51
2025-05-06 16:06:33,16
2025-05-06 16:06:10,7
2025-05-06 16:06:09,7
2025-05-06 16:05:32,5
2025-05-06 16:05:22,3
2025-05-06 16:04:40,29
2025-05-06 16:03:51,13
2025-05-06 16:03:34,9
2025-05-06 16:03:06,7
2025-05-06 16:02:47,1
2025-05-06 16:02:26,46
2025-05-06 16:01:56,0
2025-05-06 16:01:38,31
2025-05-06 16:01:24,1
2025-05-06 16:01:20,8
2025-05-06 16:01:19,1
2025-05-06 16:00:25,1
2025-05-06 15:59:38,114
2025-05-06 15:59:32,12
2025-05-06 15:59:20,5
2025-05-06 17:27:35,0
2025-05-06 17:27:22,0
2025-05-06 17:27:20,0
2025-05-06 17:27:16,0
2025-05-06 17:26:42,0
2025-05-06 17:26:05,0
2025-05-06 17:26:01,0
2025-05-06 17:25:57,2
2025-05-06 17:25:46,0
2025-05-06 17:25:40,1
2025-05-06 17:25:04,0
2025-05-06 17:24:36,2
2025-05-06 17:24:20,2
2025-05-06 17:23:47,2
2025-05-06 17:23:23,4
2025-05-06 17:23:19,3
2025-05-06 17:23:15,2
2025-05-06 17:23:09,2
2025-05-06 17:22:56,0
2025-05-06 17:22:10,8
2025-05-06 17:21:26,5
2025-05-06 17:21:17,5
2025-05-06 17:21:02,2
2025-05-06 17:20:53,5
2025-05-06 17:20:34,7
2025-05-06 17:20:19,0
2025-05-06 17:19:53,2
2025-05-06 17:19:24,3
2025-05-06 17:18:43,4
2025-05-06 17:17:55,9
2025-05-06 17:17:51,0
2025-05-06 17:17:32,13
2025-05-06 17:16:32,26
2025-05-06 17:16:09,1
2025-05-06 17:15:50,12
2025-05-06 17:15:48,6
2025-05-06 17:15:12,1
2025-05-06 17:14:13,11
2025-05-06 17:13:58,0
2025-05-06 17:13:33,10
2025-05-06 17:11:54,7
2025-05-06 17:10:38,6
2025-05-06 17:10:29,6
2025-05-06 17:10:11,4
2025-05-06 17:09:16,1
2025-05-06 17:09:10,9
2025-05-06 17:08:53,4
2025-05-06 17:08:38,2
2025-05-06 17:06:51,8
2025-05-06 17:06:18,1
2025-05-06 17:05:21,12
2025-05-06 17:04:54,5
2025-05-06 17:04:29,8
2025-05-06 17:04:17,4
2025-05-06 17:04:14,7
2025-05-06 17:04:00,5
2025-05-06 17:03:16,8
2025-05-06 17:02:29,1
2025-05-06 17:01:35,25
2025-05-06 17:01:05,2
2025-05-06 17:00:02,20
2025-05-06 16:59:17,2
2025-05-06 16:59:10,21
2025-05-06 16:58:39,9
2025-05-06 16:58:01,1
2025-05-06 16:57:44,11
2025-05-06 16:57:10,8
2025-05-06 16:56:56,6
2025-05-06 16:56:40,1
2025-05-06 16:56:12,27
2025-05-06 16:56:02,1
2025-05-06 16:56:00,0
2025-05-06 16:55:58,3
2025-05-06 16:55:39,31
2025-05-06 16:55:37,5
2025-05-06 16:55:21,11
2025-05-06 16:55:15,0
2025-05-06 16:54:20,2
2025-05-06 16:53:51,4
2025-05-06 16:53:03,12
2025-05-06 16:52:58,0
2025-05-06 16:52:42,18
2025-05-06 16:52:25,8
2025-05-06 16:52:23,0
2025-05-06 16:51:47,4
2025-05-06 16:51:33,3
2025-05-06 16:51:05,5
2025-05-06 16:50:21,1
2025-05-06 16:50:15,0
2025-05-06 16:50:12,2
2025-05-06 16:49:55,10
2025-05-06 16:49:44,3
2025-05-06 16:49:29,11
2025-05-06 16:49:16,0
2025-05-06 16:48:49,19
2025-05-06 16:48:46,13
2025-05-06 16:48:18,5
2025-05-06 16:47:16,37
2025-05-06 16:47:15,1
2025-05-06 16:47:02,4
